vendor,service_name,start_date,expiry_date,payment_due_date,amount
vendor1,service1,2025-10-01,2025-11-01,2025-11-16,300
vendor1,service2,2025-10-02,2025-11-02,2025-11-17,300
vendor1,service3,2025-10-03,2025-11-03,2025-11-18,300
vendor2,service4,2025-10-04,2025-11-04,2025-11-19,300
vendor2,service5,2025-10-05,2025-11-05,2025-11-20,300
vendor2,service6,2025-10-06,2025-11-06,2025-11-21,300
vendor3,service7,2025-10-07,2025-11-07,2025-11-22,300
vendor3,service8,2025-10-08,2025-11-08,2025-11-23,300
vendor3,service9,2025-10-09,2025-11-09,2025-11-24,300
vendor4,service10,2025-10-10,2025-11-10,2025-11-25,300
vendor4,service11,2025-10-11,2025-11-11,2025-11-26,300
vendor4,service12,2025-10-12,2025-11-12,2025-11-27,300
vendor5,service13,2025-10-13,2025-11-13,2025-11-28,300
vendor5,service14,2025-10-14,2025-11-14,2025-11-29,300
vendor5,service15,2025-10-15,2025-11-15,2025-11-30,300
vendor6,service16,2025-10-16,2025-11-16,2025-12-01,300
vendor6,service17,2025-10-17,2025-11-17,2025-12-02,300
vendor6,service18,2025-10-18,2025-11-18,2025-12-03,300
vendor7,service19,2025-10-19,2025-11-19,2025-12-04,300
vendor7,service20,2025-10-20,2025-11-20,2025-12-05,300
vendor7,service21,2025-10-21,2025-11-21,2025-12-06,300
vendor8,service22,2025-10-22,2025-11-22,2025-12-07,300
vendor8,service23,2025-10-23,2025-11-23,2025-12-08,300
vendor8,service24,2025-10-24,2025-11-24,2025-12-09,300
vendor9,service25,2025-10-25,2025-11-25,2025-12-10,300
vendor9,service26,2025-10-26,2025-11-26,2025-12-11,300
vendor9,service27,2025-10-27,2025-11-27,2025-12-12,300
vendor10,service28,2025-10-28,2025-11-28,2025-12-13,300
vendor10,service29,2025-10-29,2025-11-29,2025-12-14,300
vendor10,service30,2025-10-30,2025-11-30,2025-12-15,300
vendor11,service31,2025-10-31,2025-12-01,2025-12-16,300
vendor11,service32,2025-11-01,2025-12-02,2025-12-17,300
vendor11,service33,2025-11-02,2025-12-03,2025-12-18,300
vendor12,service34,2025-11-03,2025-12-04,2025-12-19,300
vendor12,service35,2025-11-04,2025-12-05,2025-12-20,300
vendor12,service36,2025-11-05,2025-12-06,2025-12-21,300
vendor13,service37,2025-11-06,2025-12-07,2025-12-22,300
vendor13,service38,2025-11-07,2025-12-08,2025-12-23,300
vendor13,service39,2025-11-08,2025-12-09,2025-12-24,300
vendor14,service40,2025-11-09,2025-12-10,2025-12-25,300
vendor14,service41,2025-11-10,2025-12-11,2025-12-26,300
vendor14,service42,2025-11-11,2025-12-12,2025-12-27,300
vendor15,service43,2025-11-12,2025-12-13,2025-12-28,300
vendor15,service44,2025-11-13,2025-12-14,2025-12-29,300
vendor15,service45,2025-11-14,2025-12-15,2025-12-30,300
vendor16,service46,2025-11-15,2025-12-16,2025-12-31,300
vendor16,service47,2025-11-16,2025-12-17,2026-01-01,300
vendor16,service48,2025-11-17,2025-12-18,2026-01-02,300
vendor17,service49,2025-11-18,2025-12-19,2026-01-03,300
vendor17,service50,2025-11-19,2025-12-20,2026-01-04,300
vendor17,service51,2025-11-20,2025-12-21,2026-01-05,300
vendor18,service52,2025-11-21,2025-12-22,2026-01-06,300
vendor18,service53,2025-11-22,2025-12-23,2026-01-07,300
vendor18,service54,2025-11-23,2025-12-24,2026-01-08,300
vendor19,service55,2025-11-24,2025-12-25,2026-01-09,300
vendor19,service56,2025-11-25,2025-12-26,2026-01-10,300
vendor19,service57,2025-11-26,2025-12-27,2026-01-11,300
vendor20,service58,2025-11-27,2025-12-28,2026-01-12,300
vendor20,service59,2025-11-28,2025-12-29,2026-01-13,300
vendor20,service60,2025-11-29,2025-12-30,2026-01-14,300